{"state_mean": [0.44103357480155153, 0.02262645365964165, 0.34096631846247455, 5.128910100934188, 0.36255283313489933, 25.327963273373676], "state_std": [1.3309460742955275, 0.879252112670437, 1.90779276184475, 2.4690128373021, 118.53770671796235, 503.68982057517894], "return_stats": [395.3045445902269, 203.99816685253487, 82.75864170966479]}