{"state_mean": [0.4802306409050877, 0.013756192041253128, 0.39875753376990375, 8.43286162491625, 0.7558961748591787, 9.714544775857837], "state_std": [1.3232850916828642, 0.8730303280513491, 1.8871862314340737, 4.199351504703226, 149.13843114356155, 812.0279690774198], "return_stats": [553.1313533418731, 188.32272938043465, 109.2126184626706]}