{"state_mean": [0.6340639730063313, -0.031936630664005976, 0.4619883052797406, 5.762147158287883, 0.8018387951154401, 25.401827845331194], "state_std": [1.3184849044995193, 0.8524973739557308, 1.8241015047707474, 3.330668002610721, 119.96765722191141, 648.6538032339234], "return_stats": [395.49986291012624, 175.92004056133695, 102.99475482496895]}