{"state_mean": [0.48023064090507844, 0.013756192041253262, 0.3987575337699104, 8.432861624916796, 0.755896174859187, 9.714544775857611], "state_std": [1.3232850916828653, 0.8730303280513518, 1.8871862314340409, 4.199351504703149, 149.13843114356342, 812.0279690774291], "return_stats": [398.13135334187314, 194.3553766480003, 83.58653898955478]}