{"training/loss": 2.430639862478457, "_timestamp": 1718592194.734131, "_runtime": 75.65741205215454, "_step": 935}